restock,policy,seed,deliveries,moves,conflicts,avg_wait
20,random,1000,30,979,130,64.0
20,random,1001,29,944,142,55.67741935483871
20,random,1002,31,958,136,60.28125
20,random,1003,28,911,175,64.74193548387096
20,random,1004,13,454,508,42.266666666666666
20,random,1005,17,693,324,106.3157894736842
20,random,1006,23,821,226,74.16
20,random,1007,11,448,503,54.30769230769231
20,random,1008,29,994,110,56.15625
20,random,1009,17,612,380,62.10526315789474
20,random,1010,30,973,124,56.375
20,random,1011,28,925,164,56.03333333333333
20,random,1012,3,308,622,27.0
20,random,1013,28,903,187,68.34482758620689
20,random,1014,25,877,203,73.14814814814815
20,random,1015,31,966,127,58.375
20,random,1016,29,903,179,65.03225806451613
20,random,1017,26,908,159,60.142857142857146
20,random,1018,28,958,135,70.45161290322581
20,random,1019,33,1018,91,59.371428571428574
20,random,1020,29,984,111,64.12903225806451
20,random,1021,25,894,196,68.29629629629629
20,random,1022,23,760,288,63.583333333333336
20,random,1023,26,899,164,64.22222222222223
20,random,1024,31,1007,105,56.411764705882355
20,random,1025,24,904,160,60.46153846153846
20,random,1026,23,768,280,57.08
20,random,1027,27,917,164,64.55172413793103
20,random,1028,34,1029,91,55.22222222222222
20,random,1029,7,508,477,50.666666666666664
20,random,1030,9,356,576,32.45454545454545
20,random,1031,4,172,715,21.666666666666668
20,random,1032,20,740,289,77.57142857142857
20,random,1033,28,933,153,62.266666666666666
20,random,1034,33,1025,96,54.470588235294116
20,random,1035,10,374,558,51.75
20,random,1036,3,168,717,20.0
20,random,1037,30,943,146,63.38709677419355
20,random,1038,27,955,139,62.37931034482759
20,random,1039,26,916,135,64.28571428571429
20,random,1040,19,755,277,64.86363636363636
20,random,1041,15,552,437,50.411764705882355
20,random,1042,25,863,198,71.8076923076923
20,random,1043,15,504,472,54.294117647058826
20,random,1044,7,274,640,44.44444444444444
20,random,1045,19,678,359,74.25
20,random,1046,24,798,263,77.36
20,random,1047,28,924,170,63.0
20,random,1048,26,904,158,70.62962962962963
20,random,1049,8,518,472,58.666666666666664
20,random,1050,29,992,104,63.096774193548384
20,random,1051,21,853,179,67.70833333333333
20,random,1052,28,932,134,59.51724137931034
20,random,1053,30,980,126,60.806451612903224
20,random,1054,27,950,136,67.41379310344827
20,random,1055,21,744,278,54.69565217391305
20,random,1056,28,934,157,64.35483870967742
20,random,1057,27,935,147,71.51724137931035
20,random,1058,18,620,390,56.9
20,random,1059,27,897,179,65.55172413793103
20,random,1060,13,574,331,130.1875
20,random,1061,30,973,123,60.8125
20,random,1062,26,900,171,72.96296296296296
20,random,1063,28,949,135,66.66666666666667
20,random,1064,27,947,145,58.03225806451613
20,random,1065,30,1009,104,63.72727272727273
20,random,1066,11,430,515,42.76923076923077
20,random,1067,29,956,136,64.0
20,random,1068,28,927,141,66.64285714285714
20,random,1069,25,900,165,52.925925925925924
20,random,1070,26,946,150,71.10344827586206
20,random,1071,26,950,139,68.93333333333334
20,random,1072,29,970,127,62.41935483870968
20,random,1073,1,410,551,15.0
20,random,1074,25,848,217,76.35714285714286
20,random,1075,2,124,750,15.75
20,random,1076,9,360,576,42.45454545454545
20,random,1077,25,886,170,58.25925925925926
20,random,1078,24,919,150,75.44444444444444
20,random,1079,3,448,526,25.6
20,random,1080,32,976,131,57.61764705882353
20,random,1081,10,384,551,38.25
20,random,1082,27,914,174,61.46666666666667
20,random,1083,30,982,128,58.53125
20,random,1084,10,374,558,35.916666666666664
20,random,1085,28,927,151,63.2
20,random,1086,2,112,756,15.75
20,random,1087,7,508,483,46.22222222222222
20,random,1088,30,952,135,64.4375
20,random,1089,31,982,119,59.72727272727273
20,random,1090,10,486,379,126.81818181818181
20,random,1091,29,927,154,60.87096774193548
20,random,1092,34,1046,83,53.7027027027027
20,random,1093,27,854,215,64.27586206896552
20,random,1094,30,1004,108,64.0625
20,random,1095,25,903,167,71.0
20,random,1096,25,895,168,65.37037037037037
20,random,1097,2,106,762,13.75
20,random,1098,17,659,374,68.89473684210526
20,random,1099,30,985,130,61.59375
20,roundrobin,1000,27,954,143,60.8
20,roundrobin,1001,32,1032,91,53.61764705882353
20,roundrobin,1002,27,934,143,60.214285714285715
20,roundrobin,1003,2,108,761,15.0
20,roundrobin,1004,27,953,137,65.34482758620689
20,roundrobin,1005,30,946,128,63.935483870967744
20,roundrobin,1006,31,996,116,63.09375
20,roundrobin,1007,2,116,756,13.0
20,roundrobin,1008,27,898,171,68.13793103448276
20,roundrobin,1009,28,915,183,61.233333333333334
20,roundrobin,1010,27,874,197,61.57142857142857
20,roundrobin,1011,33,1010,101,53.142857142857146
20,roundrobin,1012,28,962,129,63.766666666666666
20,roundrobin,1013,26,894,174,72.55555555555556
20,roundrobin,1014,33,1031,93,49.457142857142856
20,roundrobin,1015,14,670,350,47.75
20,roundrobin,1016,10,360,578,36.0
20,roundrobin,1017,31,978,130,55.696969696969695
20,roundrobin,1018,28,923,150,64.06451612903226
20,roundrobin,1019,32,1021,96,58.794117647058826
20,roundrobin,1020,29,961,139,58.903225806451616
20,roundrobin,1021,26,924,145,58.62068965517241
20,roundrobin,1022,28,953,143,62.58064516129032
20,roundrobin,1023,2,116,756,15.5
20,roundrobin,1024,30,975,123,59.1875
20,roundrobin,1025,29,969,122,64.03225806451613
20,roundrobin,1026,31,1019,102,56.60606060606061
20,roundrobin,1027,27,933,156,59.93333333333333
20,roundrobin,1028,2,116,755,15.25
20,roundrobin,1029,24,880,205,76.53846153846153
20,roundrobin,1030,32,1017,98,61.54545454545455
20,roundrobin,1031,28,942,147,67.83333333333333
20,roundrobin,1032,32,986,119,60.78787878787879
20,roundrobin,1033,27,940,140,58.51724137931034
20,roundrobin,1034,31,1004,115,60.03030303030303
20,roundrobin,1035,28,961,138,70.16129032258064
20,roundrobin,1036,28,959,139,62.8
20,roundrobin,1037,12,588,421,57.214285714285715
20,roundrobin,1038,25,924,153,76.03571428571429
20,roundrobin,1039,17,672,326,75.14285714285714
20,roundrobin,1040,25,898,174,70.92857142857143
20,roundrobin,1041,22,746,301,49.833333333333336
20,roundrobin,1042,28,943,141,61.1
20,roundrobin,1043,28,963,132,61.0
20,roundrobin,1044,26,933,151,69.60714285714286
20,roundrobin,1045,16,566,425,54.44444444444444
20,roundrobin,1046,2,116,756,15.5
20,roundrobin,1047,29,933,151,64.83870967741936
20,roundrobin,1048,32,1027,89,59.74285714285714
20,roundrobin,1049,25,869,197,69.60714285714286
20,roundrobin,1050,27,873,177,70.82142857142857
20,roundrobin,1051,23,797,250,68.08
20,roundrobin,1052,34,1030,89,54.69444444444444
20,roundrobin,1053,26,916,150,70.88888888888889
20,roundrobin,1054,2,116,756,15.5
20,roundrobin,1055,32,986,124,59.44117647058823
20,roundrobin,1056,8,294,620,37.3
20,roundrobin,1057,27,884,175,60.57142857142857
20,roundrobin,1058,12,488,464,49.214285714285715
20,roundrobin,1059,25,889,178,70.62962962962963
20,roundrobin,1060,21,747,303,67.3913043478261
20,roundrobin,1061,16,558,430,54.05555555555556
20,roundrobin,1062,20,834,245,72.3913043478261
20,roundrobin,1063,31,977,128,59.09090909090909
20,roundrobin,1064,24,869,188,80.84
20,roundrobin,1065,27,934,140,58.5
20,roundrobin,1066,30,949,133,60.96774193548387
20,roundrobin,1067,27,907,169,61.07142857142857
20,roundrobin,1068,6,216,680,26.875
20,roundrobin,1069,32,988,126,62.09090909090909
20,roundrobin,1070,11,424,527,29.846153846153847
20,roundrobin,1071,18,586,418,46.0
20,roundrobin,1072,24,862,206,69.8076923076923
20,roundrobin,1073,30,991,121,59.6875
20,roundrobin,1074,25,834,225,68.23076923076923
20,roundrobin,1075,26,917,165,72.14285714285714
20,roundrobin,1076,29,972,120,58.87096774193548
20,roundrobin,1077,27,864,208,65.92857142857143
20,roundrobin,1078,27,928,165,64.58620689655173
20,roundrobin,1079,28,904,174,70.3
20,roundrobin,1080,2,116,755,15.25
20,roundrobin,1081,2,108,761,13.0
20,roundrobin,1082,25,868,205,69.81481481481481
20,roundrobin,1083,31,986,106,59.94117647058823
20,roundrobin,1084,21,744,302,58.78260869565217
20,roundrobin,1085,25,864,214,75.6896551724138
20,roundrobin,1086,28,925,170,58.806451612903224
20,roundrobin,1087,31,1020,94,59.48571428571429
20,roundrobin,1088,30,978,119,65.71875
20,roundrobin,1089,25,887,179,67.77777777777777
20,roundrobin,1090,26,874,199,59.07142857142857
20,roundrobin,1091,27,917,167,64.37931034482759
20,roundrobin,1092,17,572,409,50.31578947368421
20,roundrobin,1093,25,863,205,69.22222222222223
20,roundrobin,1094,25,870,181,70.44444444444444
20,roundrobin,1095,28,926,141,55.86206896551724
20,roundrobin,1096,21,845,205,72.3913043478261
20,roundrobin,1097,29,937,138,58.354838709677416
20,roundrobin,1098,30,970,119,57.3125
20,roundrobin,1099,24,784,274,54.23076923076923
20,nearest,1000,23,806,220,55.88
20,nearest,1001,29,850,204,34.70967741935484
20,nearest,1002,12,424,518,39.642857142857146
20,nearest,1003,34,986,119,35.891891891891895
20,nearest,1004,28,841,205,51.3
20,nearest,1005,35,1000,109,37.67567567567568
20,nearest,1006,22,684,323,36.083333333333336
20,nearest,1007,33,975,132,38.31428571428572
20,nearest,1008,35,998,117,42.75675675675676
20,nearest,1009,31,936,143,42.125
20,nearest,1010,35,1008,105,42.333333333333336
20,nearest,1011,2,98,770,12.0
20,nearest,1012,2,98,770,12.0
20,nearest,1013,8,294,618,32.3
20,nearest,1014,33,979,124,46.97222222222222
20,nearest,1015,31,908,161,45.15151515151515
20,nearest,1016,2,98,770,12.0
20,nearest,1017,33,955,131,47.205882352941174
20,nearest,1018,29,818,247,39.36666666666667
20,nearest,1019,30,902,167,46.40625
20,nearest,1020,29,891,168,39.16129032258065
20,nearest,1021,29,865,183,43.7
20,nearest,1022,15,432,521,28.294117647058822
20,nearest,1023,26,845,200,51.96551724137931
20,nearest,1024,6,202,696,21.0
20,nearest,1025,30,919,163,39.39393939393939
20,nearest,1026,28,895,178,42.9
20,nearest,1027,28,870,193,46.064516129032256
20,nearest,1028,34,959,140,38.22222222222222
20,nearest,1029,7,530,460,24.333333333333332
20,nearest,1030,31,927,151,54.1875
20,nearest,1031,28,810,238,41.36666666666667
20,nearest,1032,31,911,153,46.21875
20,nearest,1033,27,860,183,55.666666666666664
20,nearest,1034,2,106,759,12.0
20,nearest,1035,30,918,154,43.9375
20,nearest,1036,23,738,296,38.92307692307692
20,nearest,1037,27,867,190,41.0
20,nearest,1038,33,941,139,38.2
20,nearest,1039,29,879,202,44.96774193548387
20,nearest,1040,29,864,190,43.6
20,nearest,1041,26,874,175,59.89655172413793
20,nearest,1042,2,106,759,12.0
20,nearest,1043,2,98,770,12.0
20,nearest,1044,28,868,190,44.70967741935484
20,nearest,1045,29,896,178,44.96774193548387
20,nearest,1046,30,904,156,35.61290322580645
20,nearest,1047,31,918,169,48.94117647058823
20,nearest,1048,24,815,225,49.0
20,nearest,1049,24,820,217,56.5
20,nearest,1050,2,106,759,12.0
20,nearest,1051,32,927,162,43.76470588235294
20,nearest,1052,2,106,759,12.0
20,nearest,1053,2,98,770,12.0
20,nearest,1054,35,964,127,39.22222222222222
20,nearest,1055,33,968,125,48.73529411764706
20,nearest,1056,30,904,172,44.78125
20,nearest,1057,26,833,205,42.607142857142854
20,nearest,1058,25,760,283,33.48148148148148
20,nearest,1059,2,98,770,12.0
20,nearest,1060,31,910,171,38.333333333333336
20,nearest,1061,28,877,177,40.55172413793103
20,nearest,1062,35,1006,106,35.72222222222222
20,nearest,1063,2,98,770,12.0
20,nearest,1064,17,524,454,35.1578947368421
20,nearest,1065,32,947,152,38.411764705882355
20,nearest,1066,31,934,156,40.26470588235294
20,nearest,1067,2,98,770,12.0
20,nearest,1068,26,882,181,45.96551724137931
20,nearest,1069,25,791,257,42.0
20,nearest,1070,24,798,259,51.84615384615385
20,nearest,1071,28,915,157,39.354838709677416
20,nearest,1072,15,458,504,29.41176470588235
20,nearest,1073,36,1027,96,43.75
20,nearest,1074,31,904,175,43.294117647058826
20,nearest,1075,32,954,134,51.285714285714285
20,nearest,1076,26,871,183,51.357142857142854
20,nearest,1077,30,870,197,33.53125
20,nearest,1078,29,910,171,42.774193548387096
20,nearest,1079,29,910,172,39.4375
20,nearest,1080,32,932,135,39.6764705882353
20,nearest,1081,2,98,770,12.0
20,nearest,1082,33,971,132,37.285714285714285
20,nearest,1083,29,891,173,45.13333333333333
20,nearest,1084,6,246,644,21.625
20,nearest,1085,10,330,597,32.833333333333336
20,nearest,1086,32,933,147,47.3235294117647
20,nearest,1087,32,971,116,48.36363636363637
20,nearest,1088,28,884,182,52.483870967741936
20,nearest,1089,12,600,415,25.214285714285715
20,nearest,1090,15,470,484,34.1764705882353
20,nearest,1091,19,696,333,39.714285714285715
20,nearest,1092,28,877,184,48.51724137931034
20,nearest,1093,31,913,167,39.666666666666664
20,nearest,1094,31,940,146,40.0
20,nearest,1095,21,732,270,43.54545454545455
20,nearest,1096,24,804,225,45.23076923076923
20,nearest,1097,30,904,176,42.53125
20,nearest,1098,0,264,649,12.0
20,nearest,1099,2,302,627,19.0
20,qmix,1000,19,630,383,50.76190476190476
20,qmix,1001,23,832,207,68.72
20,qmix,1002,22,817,250,58.875
20,qmix,1003,30,954,129,52.515151515151516
20,qmix,1004,10,492,486,30.545454545454547
20,qmix,1005,31,1015,106,57.875
20,qmix,1006,27,963,144,61.275862068965516
20,qmix,1007,28,955,134,66.26666666666667
20,qmix,1008,8,552,448,35.2
20,qmix,1009,29,959,141,58.45161290322581
20,qmix,1010,29,985,118,62.6875
20,qmix,1011,30,976,134,50.09375
20,qmix,1012,23,875,204,61.88461538461539
20,qmix,1013,23,874,189,58.46153846153846
20,qmix,1014,32,1041,85,56.285714285714285
20,qmix,1015,32,1010,99,56.1764705882353
20,qmix,1016,24,866,197,64.6923076923077
20,qmix,1017,28,985,120,42.70967741935484
20,qmix,1018,30,1001,99,58.96774193548387
20,qmix,1019,28,911,169,52.758620689655174
20,qmix,1020,29,959,135,58.36666666666667
20,qmix,1021,28,913,163,60.93333333333333
20,qmix,1022,10,412,547,41.083333333333336
20,qmix,1023,24,853,192,60.16
20,qmix,1024,24,847,216,68.04
20,qmix,1025,27,933,157,72.20689655172414
20,qmix,1026,21,819,200,69.8695652173913
20,qmix,1027,21,817,223,57.666666666666664
20,qmix,1028,6,262,652,27.5
20,qmix,1029,27,882,190,70.86206896551724
20,qmix,1030,24,908,167,73.57692307692308
20,qmix,1031,33,1049,95,52.411764705882355
20,qmix,1032,28,925,157,64.06896551724138
20,qmix,1033,2,444,528,14.333333333333334
20,qmix,1034,27,911,177,60.62068965517241
20,qmix,1035,7,550,445,33.875
20,qmix,1036,23,828,244,56.916666666666664
20,qmix,1037,28,962,145,65.73333333333333
20,qmix,1038,28,956,128,67.46666666666667
20,qmix,1039,31,1008,109,59.666666666666664
20,qmix,1040,25,909,169,71.44444444444444
20,qmix,1041,29,982,114,53.225806451612904
20,qmix,1042,26,945,154,68.28571428571429
20,qmix,1043,23,858,194,66.48
20,qmix,1044,29,996,112,56.03333333333333
20,qmix,1045,14,498,470,54.9375
20,qmix,1046,10,416,533,50.833333333333336
20,qmix,1047,27,912,148,65.65517241379311
20,qmix,1048,22,804,264,64.0
20,qmix,1049,23,834,241,47.92
20,qmix,1050,27,941,138,60.67741935483871
20,qmix,1051,26,945,149,62.785714285714285
20,qmix,1052,28,957,131,61.666666666666664
20,qmix,1053,21,830,235,52.90909090909091
20,qmix,1054,24,923,163,62.2962962962963
20,qmix,1055,26,916,161,58.214285714285715
20,qmix,1056,28,947,146,65.07142857142857
20,qmix,1057,9,318,607,31.272727272727273
20,qmix,1058,23,895,172,73.32
20,qmix,1059,23,778,271,66.04
20,qmix,1060,30,1057,77,65.90625
20,qmix,1061,28,948,142,60.766666666666666
20,qmix,1062,18,750,283,55.0
20,qmix,1063,24,868,194,63.36
20,qmix,1064,28,962,138,66.96774193548387
20,qmix,1065,26,929,152,76.32142857142857
20,qmix,1066,25,939,169,59.535714285714285
20,qmix,1067,3,170,718,25.2
20,qmix,1068,24,929,156,65.96153846153847
20,qmix,1069,29,956,144,64.80645161290323
20,qmix,1070,25,976,119,63.857142857142854
20,qmix,1071,27,940,137,66.37037037037037
20,qmix,1072,27,939,154,67.48275862068965
20,qmix,1073,23,894,193,67.57692307692308
20,qmix,1074,31,1030,89,61.8235294117647
20,qmix,1075,15,644,375,48.9375
20,qmix,1076,24,881,176,82.07692307692308
20,qmix,1077,25,876,187,75.11111111111111
20,qmix,1078,28,939,140,67.53333333333333
20,qmix,1079,30,991,112,65.64516129032258
20,qmix,1080,2,114,759,14.5
20,qmix,1081,24,844,203,60.48
20,qmix,1082,27,986,124,63.56666666666667
20,qmix,1083,24,887,165,67.44
20,qmix,1084,13,666,358,53.13333333333333
20,qmix,1085,19,666,353,58.80952380952381
20,qmix,1086,4,374,575,34.833333333333336
20,qmix,1087,30,970,125,54.125
20,qmix,1088,19,744,288,63.142857142857146
20,qmix,1089,26,932,154,72.71428571428571
20,qmix,1090,26,915,166,78.03571428571429
20,qmix,1091,22,768,287,54.125
20,qmix,1092,28,903,181,52.107142857142854
20,qmix,1093,28,973,124,65.83333333333333
20,qmix,1094,28,984,119,65.93548387096774
20,qmix,1095,26,892,165,67.29629629629629
20,qmix,1096,30,977,122,61.16129032258065
20,qmix,1097,28,897,166,70.62068965517241
20,qmix,1098,24,901,162,68.92592592592592
20,qmix,1099,29,982,125,66.83333333333333
40,random,1000,16,584,409,50.22222222222222
40,random,1001,12,523,379,86.73333333333333
40,random,1002,16,546,442,47.55555555555556
40,random,1003,27,891,179,50.55172413793103
40,random,1004,12,650,365,46.76923076923077
40,random,1005,29,928,160,53.56666666666667
40,random,1006,2,106,764,14.5
40,random,1007,22,857,197,68.2
40,random,1008,10,384,550,35.0
40,random,1009,23,864,176,73.84615384615384
40,random,1010,32,1046,82,44.34285714285714
40,random,1011,26,942,159,61.32142857142857
40,random,1012,2,110,760,13.5
40,random,1013,2,128,745,16.0
40,random,1014,28,925,174,54.96774193548387
40,random,1015,30,955,138,47.84375
40,random,1016,25,866,194,58.107142857142854
40,random,1017,24,840,216,69.48
40,random,1018,28,963,143,48.733333333333334
40,random,1019,9,316,607,37.54545454545455
40,random,1020,26,898,198,47.3448275862069
40,random,1021,4,486,498,23.0
40,random,1022,24,858,198,61.48
40,random,1023,25,913,170,50.92857142857143
40,random,1024,20,780,261,69.68181818181819
40,random,1025,29,968,134,51.266666666666666
40,random,1026,24,845,212,56.0
40,random,1027,11,486,379,104.16666666666667
40,random,1028,20,708,338,61.0
40,random,1029,28,920,164,51.25806451612903
40,random,1030,24,878,185,70.25925925925925
40,random,1031,20,797,236,74.52173913043478
40,random,1032,24,813,203,73.42307692307692
40,random,1033,28,960,131,56.46666666666667
40,random,1034,31,1013,107,48.05714285714286
40,random,1035,6,228,673,31.75
40,random,1036,29,952,132,54.625
40,random,1037,5,232,659,29.857142857142858
40,random,1038,19,685,352,67.1
40,random,1039,6,230,673,30.5
40,random,1040,31,979,114,47.57575757575758
40,random,1041,22,811,218,70.91666666666667
40,random,1042,9,356,568,43.27272727272727
40,random,1043,29,962,138,49.5
40,random,1044,3,436,534,25.75
40,random,1045,30,952,145,49.4375
40,random,1046,27,914,152,47.96551724137931
40,random,1047,26,897,170,61.22222222222222
40,random,1048,30,978,129,52.75
40,random,1049,29,957,136,52.83870967741935
40,random,1050,26,917,162,55.6551724137931
40,random,1051,29,980,123,50.935483870967744
40,random,1052,32,980,123,44.78787878787879
40,random,1053,27,953,130,54.9
40,random,1054,27,923,165,55.58064516129032
40,random,1055,20,668,360,44.45454545454545
40,random,1056,25,891,170,62.48148148148148
40,random,1057,22,716,317,39.291666666666664
40,random,1058,30,972,131,49.6875
40,random,1059,32,1017,101,48.333333333333336
40,random,1060,26,897,170,58.75
40,random,1061,32,1011,106,43.5
40,random,1062,8,304,619,33.0
40,random,1063,12,610,392,46.84615384615385
40,random,1064,26,928,145,60.22222222222222
40,random,1065,30,992,113,49.0625
40,random,1066,19,680,353,71.65
40,random,1067,25,912,157,59.857142857142854
40,random,1068,10,478,384,78.5
40,random,1069,3,452,521,24.4
40,random,1070,24,846,225,63.84615384615385
40,random,1071,27,889,178,55.42857142857143
40,random,1072,19,797,233,71.85714285714286
40,random,1073,26,935,140,62.10344827586207
40,random,1074,24,858,211,58.38461538461539
40,random,1075,25,856,202,58.81481481481482
40,random,1076,25,877,195,58.666666666666664
40,random,1077,10,404,539,46.333333333333336
40,random,1078,30,1020,100,46.64705882352941
40,random,1079,23,796,220,76.66666666666667
40,random,1080,10,588,421,40.916666666666664
40,random,1081,23,874,180,61.84
40,random,1082,16,568,411,44.388888888888886
40,random,1083,10,484,379,101.66666666666667
40,random,1084,13,537,384,75.07142857142857
40,random,1085,31,1018,97,40.57575757575758
40,random,1086,5,520,472,37.142857142857146
40,random,1087,31,994,111,44.21212121212121
40,random,1088,18,682,356,77.88888888888889
40,random,1089,30,964,123,46.58064516129032
40,random,1090,27,908,170,60.357142857142854
40,random,1091,28,920,169,50.766666666666666
40,random,1092,28,930,149,55.733333333333334
40,random,1093,24,861,182,53.88461538461539
40,random,1094,26,847,219,60.51851851851852
40,random,1095,28,903,166,53.724137931034484
40,random,1096,20,778,269,51.36363636363637
40,random,1097,26,915,164,57.44827586206897
40,random,1098,26,834,219,40.0
40,random,1099,22,824,225,60.08
40,roundrobin,1000,29,962,133,44.63333333333333
40,roundrobin,1001,29,922,164,43.03333333333333
40,roundrobin,1002,20,682,319,55.63636363636363
40,roundrobin,1003,29,957,145,48.41935483870968
40,roundrobin,1004,27,902,173,52.333333333333336
40,roundrobin,1005,35,1049,74,39.388888888888886
40,roundrobin,1006,30,932,158,53.78125
40,roundrobin,1007,18,700,345,59.25
40,roundrobin,1008,25,890,192,58.214285714285715
40,roundrobin,1009,27,914,180,47.25806451612903
40,roundrobin,1010,2,116,757,15.0
40,roundrobin,1011,22,827,216,63.36
40,roundrobin,1012,29,979,114,44.03225806451613
40,roundrobin,1013,18,572,420,54.0
40,roundrobin,1014,19,640,367,49.904761904761905
40,roundrobin,1015,27,938,152,58.724137931034484
40,roundrobin,1016,2,116,756,15.5
40,roundrobin,1017,28,923,157,57.535714285714285
40,roundrobin,1018,28,978,121,56.87096774193548
40,roundrobin,1019,23,856,196,64.46153846153847
40,roundrobin,1020,29,947,144,56.833333333333336
40,roundrobin,1021,31,987,118,46.03030303030303
40,roundrobin,1022,2,104,766,13.0
40,roundrobin,1023,19,622,379,46.666666666666664
40,roundrobin,1024,26,897,166,50.0
40,roundrobin,1025,26,879,188,57.03703703703704
40,roundrobin,1026,31,983,117,44.27272727272727
40,roundrobin,1027,2,116,755,15.25
40,roundrobin,1028,35,1037,91,40.16216216216216
40,roundrobin,1029,24,878,188,54.370370370370374
40,roundrobin,1030,24,884,187,55.26923076923077
40,roundrobin,1031,30,970,119,54.32258064516129
40,roundrobin,1032,25,919,173,67.10714285714286
40,roundrobin,1033,24,851,192,58.64
40,roundrobin,1034,24,890,180,63.111111111111114
40,roundrobin,1035,2,108,761,12.75
40,roundrobin,1036,25,881,191,55.925925925925924
40,roundrobin,1037,25,928,155,52.44444444444444
40,roundrobin,1038,30,974,121,50.9375
40,roundrobin,1039,30,940,159,51.875
40,roundrobin,1040,30,1001,104,48.32258064516129
40,roundrobin,1041,29,966,120,51.61290322580645
40,roundrobin,1042,26,891,182,57.84615384615385
40,roundrobin,1043,30,936,157,44.59375
40,roundrobin,1044,27,954,135,50.03225806451613
40,roundrobin,1045,29,1006,102,48.515151515151516
40,roundrobin,1046,29,997,123,53.83870967741935
40,roundrobin,1047,21,676,346,37.869565217391305
40,roundrobin,1048,24,874,179,62.81481481481482
40,roundrobin,1049,29,950,142,49.70967741935484
40,roundrobin,1050,28,951,138,46.193548387096776
40,roundrobin,1051,24,859,194,63.23076923076923
40,roundrobin,1052,31,993,114,47.375
40,roundrobin,1053,24,854,203,57.08
40,roundrobin,1054,2,116,756,13.0
40,roundrobin,1055,21,788,268,43.30434782608695
40,roundrobin,1056,30,949,145,52.3125
40,roundrobin,1057,26,859,221,54.074074074074076
40,roundrobin,1058,31,1002,102,47.696969696969695
40,roundrobin,1059,30,966,142,49.28125
40,roundrobin,1060,26,880,182,57.925925925925924
40,roundrobin,1061,22,780,269,43.17391304347826
40,roundrobin,1062,25,909,172,46.77777777777778
40,roundrobin,1063,4,190,701,25.333333333333332
40,roundrobin,1064,27,958,130,59.064516129032256
40,roundrobin,1065,32,999,107,48.75757575757576
40,roundrobin,1066,2,116,755,15.25
40,roundrobin,1067,31,1008,99,41.63636363636363
40,roundrobin,1068,23,832,216,63.8
40,roundrobin,1069,33,1012,109,44.68571428571428
40,roundrobin,1070,30,934,151,45.96875
40,roundrobin,1071,26,929,148,58.48275862068966
40,roundrobin,1072,24,855,203,52.19230769230769
40,roundrobin,1073,23,846,203,66.8
40,roundrobin,1074,29,960,135,53.266666666666666
40,roundrobin,1075,27,878,196,56.13793103448276
40,roundrobin,1076,21,720,295,48.69565217391305
40,roundrobin,1077,36,1075,66,34.83783783783784
40,roundrobin,1078,19,628,374,42.19047619047619
40,roundrobin,1079,2,116,757,14.5
40,roundrobin,1080,2,108,761,15.0
40,roundrobin,1081,21,664,358,40.73913043478261
40,roundrobin,1082,28,900,190,53.96551724137931
40,roundrobin,1083,29,930,151,58.1
40,roundrobin,1084,28,878,199,56.483870967741936
40,roundrobin,1085,7,526,459,28.75
40,roundrobin,1086,33,1000,105,43.97142857142857
40,roundrobin,1087,30,972,123,49.25
40,roundrobin,1088,27,931,151,52.275862068965516
40,roundrobin,1089,26,923,159,51.206896551724135
40,roundrobin,1090,28,955,154,51.689655172413794
40,roundrobin,1091,32,977,134,41.26470588235294
40,roundrobin,1092,27,926,153,46.733333333333334
40,roundrobin,1093,27,895,177,49.827586206896555
40,roundrobin,1094,8,304,619,40.3
40,roundrobin,1095,32,1006,102,47.96969696969697
40,roundrobin,1096,29,962,134,53.93333333333333
40,roundrobin,1097,2,114,756,15.0
40,roundrobin,1098,27,889,196,55.17857142857143
40,roundrobin,1099,28,951,146,55.16129032258065
40,nearest,1000,26,860,200,46.892857142857146
40,nearest,1001,33,990,110,39.94444444444444
40,nearest,1002,21,640,368,35.56521739130435
40,nearest,1003,29,904,160,50.58064516129032
40,nearest,1004,29,926,160,36.16129032258065
40,nearest,1005,33,995,111,40.0
40,nearest,1006,27,888,185,48.833333333333336
40,nearest,1007,28,898,181,40.13333333333333
40,nearest,1008,32,931,159,43.125
40,nearest,1009,30,970,125,43.36363636363637
40,nearest,1010,18,624,372,30.95
40,nearest,1011,2,98,770,12.0
40,nearest,1012,2,98,770,12.0
40,nearest,1013,8,294,618,28.3
40,nearest,1014,25,837,218,42.607142857142854
40,nearest,1015,12,372,573,29.857142857142858
40,nearest,1016,2,98,770,12.0
40,nearest,1017,26,869,190,47.535714285714285
40,nearest,1018,30,928,153,43.5
40,nearest,1019,31,937,154,33.90909090909091
40,nearest,1020,32,968,137,33.457142857142856
40,nearest,1021,6,242,658,27.875
40,nearest,1022,30,928,153,46.935483870967744
40,nearest,1023,26,818,220,50.107142857142854
40,nearest,1024,28,906,164,37.63333333333333
40,nearest,1025,27,850,200,41.964285714285715
40,nearest,1026,31,958,149,33.24242424242424
40,nearest,1027,31,929,154,40.88235294117647
40,nearest,1028,13,422,529,39.2
40,nearest,1029,33,964,126,34.73529411764706
40,nearest,1030,17,568,421,41.73684210526316
40,nearest,1031,34,1018,94,34.0
40,nearest,1032,27,860,196,51.92857142857143
40,nearest,1033,33,951,141,39.878787878787875
40,nearest,1034,2,106,759,12.0
40,nearest,1035,31,958,130,39.515151515151516
40,nearest,1036,25,807,232,42.607142857142854
40,nearest,1037,31,961,131,40.81818181818182
40,nearest,1038,28,884,172,45.6
40,nearest,1039,29,916,170,52.6875
40,nearest,1040,30,894,175,47.16129032258065
40,nearest,1041,31,952,133,35.5
40,nearest,1042,2,106,759,12.0
40,nearest,1043,2,98,770,12.0
40,nearest,1044,12,408,537,37.714285714285715
40,nearest,1045,31,925,163,37.60606060606061
40,nearest,1046,25,877,168,41.857142857142854
40,nearest,1047,35,991,130,34.75675675675676
40,nearest,1048,29,932,154,44.83870967741935
40,nearest,1049,30,918,167,50.46875
40,nearest,1050,2,106,759,12.0
40,nearest,1051,33,985,121,41.0
40,nearest,1052,2,106,759,12.0
40,nearest,1053,2,98,770,12.0
40,nearest,1054,31,904,179,33.81818181818182
40,nearest,1055,14,480,480,44.0
40,nearest,1056,32,978,122,37.6
40,nearest,1057,34,993,115,36.611111111111114
40,nearest,1058,30,921,156,43.25
40,nearest,1059,2,98,770,12.0
40,nearest,1060,26,826,247,46.214285714285715
40,nearest,1061,17,562,421,37.526315789473685
40,nearest,1062,30,925,149,37.25
40,nearest,1063,2,98,770,12.0
40,nearest,1064,29,916,170,44.46875
40,nearest,1065,29,917,169,40.03225806451613
40,nearest,1066,12,384,554,29.428571428571427
40,nearest,1067,2,98,770,12.0
40,nearest,1068,28,930,148,41.166666666666664
40,nearest,1069,28,873,197,49.55172413793103
40,nearest,1070,29,883,189,37.12903225806452
40,nearest,1071,31,982,125,46.74285714285714
40,nearest,1072,29,916,162,47.645161290322584
40,nearest,1073,32,987,126,31.91176470588235
40,nearest,1074,27,874,194,48.758620689655174
40,nearest,1075,8,260,654,30.5
40,nearest,1076,27,886,181,42.172413793103445
40,nearest,1077,25,839,206,46.629629629629626
40,nearest,1078,28,923,155,46.13333333333333
40,nearest,1079,31,957,138,35.794117647058826
40,nearest,1080,33,987,117,33.44117647058823
40,nearest,1081,2,98,770,12.0
40,nearest,1082,28,880,188,49.827586206896555
40,nearest,1083,25,854,209,49.392857142857146
40,nearest,1084,27,864,196,48.51724137931034
40,nearest,1085,24,804,225,53.92307692307692
40,nearest,1086,31,958,130,44.484848484848484
40,nearest,1087,29,916,165,40.38709677419355
40,nearest,1088,31,923,153,38.8125
40,nearest,1089,31,955,142,40.64705882352941
40,nearest,1090,27,816,242,36.0
40,nearest,1091,30,919,160,53.625
40,nearest,1092,29,909,156,41.666666666666664
40,nearest,1093,13,476,485,42.0
40,nearest,1094,23,810,216,28.24
40,nearest,1095,28,867,202,39.96551724137931
40,nearest,1096,30,901,181,40.935483870967744
40,nearest,1097,29,937,138,31.193548387096776
40,nearest,1098,0,264,649,12.0
40,nearest,1099,2,302,627,19.0
40,qmix,1000,26,877,201,56.407407407407405
40,qmix,1001,23,878,188,66.08
40,qmix,1002,23,875,193,75.32
40,qmix,1003,29,999,101,48.21875
40,qmix,1004,11,514,466,43.36363636363637
40,qmix,1005,28,985,112,51.83870967741935
40,qmix,1006,18,722,310,57.05
40,qmix,1007,28,939,158,51.2
40,qmix,1008,25,844,221,47.77777777777778
40,qmix,1009,27,963,130,54.827586206896555
40,qmix,1010,24,910,166,56.30769230769231
40,qmix,1011,6,268,647,39.125
40,qmix,1012,27,902,163,57.464285714285715
40,qmix,1013,27,942,143,57.62068965517241
40,qmix,1014,31,1004,116,45.75757575757576
40,qmix,1015,25,901,166,65.44444444444444
40,qmix,1016,27,972,132,60.93103448275862
40,qmix,1017,30,978,113,45.65625
40,qmix,1018,29,996,123,55.38709677419355
40,qmix,1019,29,1012,106,46.90625
40,qmix,1020,29,1005,113,53.41935483870968
40,qmix,1021,11,394,544,44.84615384615385
40,qmix,1022,26,929,148,55.67857142857143
40,qmix,1023,5,228,671,31.285714285714285
40,qmix,1024,25,877,183,65.37037037037037
40,qmix,1025,29,987,121,50.40625
40,qmix,1026,11,424,523,48.23076923076923
40,qmix,1027,29,954,143,51.70967741935484
40,qmix,1028,26,925,157,55.111111111111114
40,qmix,1029,28,917,158,56.275862068965516
40,qmix,1030,24,909,171,66.6923076923077
40,qmix,1031,29,999,124,41.064516129032256
40,qmix,1032,6,488,497,25.571428571428573
40,qmix,1033,2,444,528,14.333333333333334
40,qmix,1034,30,997,101,51.74193548387097
40,qmix,1035,24,883,187,57.68
40,qmix,1036,23,811,238,70.92
40,qmix,1037,14,572,418,51.25
40,qmix,1038,30,1010,100,48.15625
40,qmix,1039,29,1003,102,53.41935483870968
40,qmix,1040,7,316,598,38.0
40,qmix,1041,30,986,120,54.65625
40,qmix,1042,18,700,323,64.95
40,qmix,1043,13,482,484,45.6
40,qmix,1044,25,949,139,63.793103448275865
40,qmix,1045,26,918,155,59.10344827586207
40,qmix,1046,24,885,164,61.30769230769231
40,qmix,1047,24,879,174,56.53846153846154
40,qmix,1048,29,993,116,46.903225806451616
40,qmix,1049,32,1028,94,43.285714285714285
40,qmix,1050,25,913,169,56.51851851851852
40,qmix,1051,22,877,197,60.958333333333336
40,qmix,1052,28,939,151,59.87096774193548
40,qmix,1053,24,894,163,58.42307692307692
40,qmix,1054,30,1026,101,49.875
40,qmix,1055,29,970,134,53.5625
40,qmix,1056,24,959,128,60.84615384615385
40,qmix,1057,29,977,137,54.125
40,qmix,1058,25,903,186,53.827586206896555
40,qmix,1059,26,916,148,58.65384615384615
40,qmix,1060,27,965,131,56.17857142857143
40,qmix,1061,25,893,175,58.44444444444444
40,qmix,1062,28,946,147,47.785714285714285
40,qmix,1063,28,948,149,44.833333333333336
40,qmix,1064,28,944,140,55.064516129032256
40,qmix,1065,23,870,210,58.370370370370374
40,qmix,1066,23,901,171,66.125
40,qmix,1067,3,170,718,25.2
40,qmix,1068,29,1006,103,51.45161290322581
40,qmix,1069,24,880,179,54.23076923076923
40,qmix,1070,28,972,132,54.096774193548384
40,qmix,1071,25,929,162,64.81481481481481
40,qmix,1072,30,945,133,52.774193548387096
40,qmix,1073,27,964,124,50.793103448275865
40,qmix,1074,27,951,147,58.833333333333336
40,qmix,1075,29,980,129,50.29032258064516
40,qmix,1076,4,240,650,28.833333333333332
40,qmix,1077,24,861,179,58.666666666666664
40,qmix,1078,33,1052,84,37.11764705882353
40,qmix,1079,29,971,129,50.46875
40,qmix,1080,2,114,759,14.5
40,qmix,1081,26,913,146,61.53846153846154
40,qmix,1082,25,878,191,52.074074074074076
40,qmix,1083,6,274,644,32.375
40,qmix,1084,25,899,177,76.64
40,qmix,1085,28,964,129,58.56666666666667
40,qmix,1086,19,710,337,57.61904761904762
40,qmix,1087,26,930,147,51.275862068965516
40,qmix,1088,27,918,157,54.55555555555556
40,qmix,1089,28,992,110,50.8
40,qmix,1090,26,930,169,59.535714285714285
40,qmix,1091,28,929,148,57.43333333333333
40,qmix,1092,24,892,190,54.53846153846154
40,qmix,1093,24,906,163,66.70833333333333
40,qmix,1094,25,953,145,53.357142857142854
40,qmix,1095,21,825,198,75.61904761904762
40,qmix,1096,21,822,227,55.608695652173914
40,qmix,1097,11,406,536,45.61538461538461
40,qmix,1098,31,1013,101,52.21212121212121
40,qmix,1099,30,1022,96,45.41935483870968
80,random,1000,24,827,249,37.80769230769231
80,random,1001,29,1019,95,31.5
80,random,1002,20,804,257,32.63636363636363
80,random,1003,25,875,209,32.07692307692308
80,random,1004,27,912,158,31.482758620689655
80,random,1005,11,480,384,56.46153846153846
80,random,1006,25,901,170,45.34615384615385
80,random,1007,23,833,238,32.57692307692308
80,random,1008,10,588,413,42.333333333333336
80,random,1009,22,774,277,60.52173913043478
80,random,1010,26,989,123,30.82758620689655
80,random,1011,29,1017,99,26.34375
80,random,1012,22,904,184,43.375
80,random,1013,27,1015,104,30.344827586206897
80,random,1014,25,993,117,36.07142857142857
80,random,1015,27,940,138,34.55172413793103
80,random,1016,26,906,188,36.925925925925924
80,random,1017,27,1004,110,30.166666666666668
80,random,1018,25,890,189,45.5
80,random,1019,28,1007,112,28.433333333333334
80,random,1020,27,965,128,30.275862068965516
80,random,1021,18,694,317,49.45
80,random,1022,19,772,282,35.714285714285715
80,random,1023,28,1012,122,34.75
80,random,1024,27,1002,111,33.06896551724138
80,random,1025,26,901,197,38.5
80,random,1026,25,888,176,37.51851851851852
80,random,1027,23,918,160,34.12
80,random,1028,18,684,341,31.5
80,random,1029,25,908,167,37.22222222222222
80,random,1030,20,726,305,72.28571428571429
80,random,1031,23,860,210,37.04
80,random,1032,23,878,209,30.36
80,random,1033,16,808,253,44.05882352941177
80,random,1034,26,984,121,36.714285714285715
80,random,1035,26,939,160,34.07142857142857
80,random,1036,27,984,127,32.51724137931034
80,random,1037,27,976,143,28.214285714285715
80,random,1038,22,838,241,27.043478260869566
80,random,1039,25,915,159,33.310344827586206
80,random,1040,9,380,547,51.72727272727273
80,random,1041,26,964,141,38.5
80,random,1042,25,888,195,39.2
80,random,1043,27,987,133,34.55172413793103
80,random,1044,19,704,325,54.04761904761905
80,random,1045,29,1056,77,26.625
80,random,1046,25,907,185,33.535714285714285
80,random,1047,13,634,382,37.5
80,random,1048,23,887,206,31.16
80,random,1049,30,1038,84,26.333333333333332
80,random,1050,8,330,590,51.8
80,random,1051,28,1008,109,29.448275862068964
80,random,1052,13,566,428,62.642857142857146
80,random,1053,24,930,153,39.57692307692308
80,random,1054,15,604,404,35.05882352941177
80,random,1055,24,907,152,34.07692307692308
80,random,1056,2,104,766,13.0
80,random,1057,25,890,180,38.96153846153846
80,random,1058,25,965,135,37.7037037037037
80,random,1059,23,881,177,46.4
80,random,1060,28,994,117,27.096774193548388
80,random,1061,26,949,141,31.17241379310345
80,random,1062,15,702,337,35.0625
80,random,1063,20,857,185,58.59090909090909
80,random,1064,2,120,752,17.25
80,random,1065,26,949,136,35.206896551724135
80,random,1066,26,847,211,33.214285714285715
80,random,1067,29,1017,104,25.580645161290324
80,random,1068,26,947,140,41.44444444444444
80,random,1069,26,978,126,29.107142857142858
80,random,1070,26,948,134,32.285714285714285
80,random,1071,15,554,431,39.11764705882353
80,random,1072,26,863,211,33.42857142857143
80,random,1073,5,240,661,35.857142857142854
80,random,1074,29,1023,98,27.5
80,random,1075,20,745,298,59.77272727272727
80,random,1076,24,876,199,42.34615384615385
80,random,1077,8,294,628,35.7
80,random,1078,26,988,122,35.07142857142857
80,random,1079,21,808,242,52.22727272727273
80,random,1080,20,827,210,45.22727272727273
80,random,1081,26,964,141,36.857142857142854
80,random,1082,25,905,179,30.785714285714285
80,random,1083,28,1018,97,32.1
80,random,1084,2,124,751,16.5
80,random,1085,22,791,255,57.125
80,random,1086,22,813,235,54.166666666666664
80,random,1087,27,958,133,34.464285714285715
80,random,1088,27,932,154,32.37931034482759
80,random,1089,6,348,566,48.5
80,random,1090,19,752,249,75.61904761904762
80,random,1091,24,883,194,37.30769230769231
80,random,1092,23,835,229,45.96153846153846
80,random,1093,27,930,154,33.03448275862069
80,random,1094,21,739,312,44.52173913043478
80,random,1095,27,1002,117,31.833333333333332
80,random,1096,28,998,111,29.655172413793103
80,random,1097,27,943,144,30.75862068965517
80,random,1098,18,756,283,46.31578947368421
80,random,1099,27,1025,98,30.933333333333334
80,roundrobin,1000,24,954,157,39.03703703703704
80,roundrobin,1001,24,908,167,43.42307692307692
80,roundrobin,1002,16,650,370,39.111111111111114
80,roundrobin,1003,27,929,152,33.275862068965516
80,roundrobin,1004,8,568,433,48.8
80,roundrobin,1005,5,250,637,35.142857142857146
80,roundrobin,1006,23,905,177,37.42307692307692
80,roundrobin,1007,26,953,131,37.0
80,roundrobin,1008,22,916,171,30.652173913043477
80,roundrobin,1009,2,114,758,14.5
80,roundrobin,1010,2,116,757,15.0
80,roundrobin,1011,23,818,242,46.416666666666664
80,roundrobin,1012,7,264,642,33.333333333333336
80,roundrobin,1013,27,955,140,34.77777777777778
80,roundrobin,1014,26,948,140,32.535714285714285
80,roundrobin,1015,24,881,184,41.65384615384615
80,roundrobin,1016,26,963,129,30.724137931034484
80,roundrobin,1017,29,982,125,28.366666666666667
80,roundrobin,1018,24,871,203,40.84615384615385
80,roundrobin,1019,29,1059,72,27.193548387096776
80,roundrobin,1020,27,964,126,31.137931034482758
80,roundrobin,1021,25,834,227,43.15384615384615
80,roundrobin,1022,23,894,203,50.541666666666664
80,roundrobin,1023,28,1026,98,26.903225806451612
80,roundrobin,1024,8,294,624,43.4
80,roundrobin,1025,3,182,700,21.6
80,roundrobin,1026,2,116,755,15.25
80,roundrobin,1027,20,706,312,45.54545454545455
80,roundrobin,1028,2,116,755,15.25
80,roundrobin,1029,21,762,292,36.869565217391305
80,roundrobin,1030,27,957,150,28.714285714285715
80,roundrobin,1031,27,959,144,28.17241379310345
80,roundrobin,1032,22,756,288,57.041666666666664
80,roundrobin,1033,27,948,154,32.241379310344826
80,roundrobin,1034,27,927,178,30.482758620689655
80,roundrobin,1035,22,782,271,41.041666666666664
80,roundrobin,1036,28,947,136,31.8
80,roundrobin,1037,28,959,152,30.366666666666667
80,roundrobin,1038,21,764,284,35.95454545454545
80,roundrobin,1039,25,916,159,35.17857142857143
80,roundrobin,1040,20,735,274,40.095238095238095
80,roundrobin,1041,10,432,525,34.833333333333336
80,roundrobin,1042,24,896,172,43.88461538461539
80,roundrobin,1043,27,937,161,34.793103448275865
80,roundrobin,1044,28,958,141,30.4
80,roundrobin,1045,2,126,747,15.5
80,roundrobin,1046,28,983,128,28.785714285714285
80,roundrobin,1047,24,888,183,44.76923076923077
80,roundrobin,1048,25,929,155,38.5
80,roundrobin,1049,29,1004,105,28.133333333333333
80,roundrobin,1050,25,883,193,37.629629629629626
80,roundrobin,1051,25,941,147,37.629629629629626
80,roundrobin,1052,5,630,399,27.142857142857142
80,roundrobin,1053,26,938,140,40.7037037037037
80,roundrobin,1054,21,832,224,45.91304347826087
80,roundrobin,1055,23,840,236,47.88
80,roundrobin,1056,3,182,700,21.6
80,roundrobin,1057,27,978,119,30.964285714285715
80,roundrobin,1058,2,114,756,14.5
80,roundrobin,1059,24,835,219,43.38461538461539
80,roundrobin,1060,2,116,757,14.5
80,roundrobin,1061,23,811,263,37.43478260869565
80,roundrobin,1062,6,238,661,33.125
80,roundrobin,1063,2,124,751,15.75
80,roundrobin,1064,24,881,192,40.148148148148145
80,roundrobin,1065,27,968,144,34.13793103448276
80,roundrobin,1066,24,863,191,42.73076923076923
80,roundrobin,1067,28,988,117,27.71875
80,roundrobin,1068,29,1102,49,26.466666666666665
80,roundrobin,1069,24,852,209,37.65384615384615
80,roundrobin,1070,26,931,143,34.592592592592595
80,roundrobin,1071,30,1075,59,28.0
80,roundrobin,1072,27,920,157,33.206896551724135
80,roundrobin,1073,24,899,175,38.7037037037037
80,roundrobin,1074,28,1036,81,28.161290322580644
80,roundrobin,1075,27,980,127,37.75
80,roundrobin,1076,11,530,459,35.84615384615385
80,roundrobin,1077,9,464,499,37.45454545454545
80,roundrobin,1078,25,913,160,32.92307692307692
80,roundrobin,1079,26,912,173,33.76923076923077
80,roundrobin,1080,26,938,154,36.25925925925926
80,roundrobin,1081,10,596,408,44.333333333333336
80,roundrobin,1082,27,1000,113,28.107142857142858
80,roundrobin,1083,28,1045,94,27.833333333333332
80,roundrobin,1084,27,948,146,28.03448275862069
80,roundrobin,1085,12,458,498,40.42857142857143
80,roundrobin,1086,5,484,492,29.714285714285715
80,roundrobin,1087,27,984,129,32.93103448275862
80,roundrobin,1088,14,652,369,42.75
80,roundrobin,1089,26,950,143,35.666666666666664
80,roundrobin,1090,27,972,126,30.466666666666665
80,roundrobin,1091,23,897,155,40.111111111111114
80,roundrobin,1092,24,858,206,32.34615384615385
80,roundrobin,1093,18,744,293,42.75
80,roundrobin,1094,27,945,130,31.24137931034483
80,roundrobin,1095,21,835,206,49.47826086956522
80,roundrobin,1096,27,1017,101,30.0
80,roundrobin,1097,25,927,160,36.851851851851855
80,roundrobin,1098,19,678,336,34.523809523809526
80,roundrobin,1099,16,630,300,57.5
80,nearest,1000,23,873,202,34.69230769230769
80,nearest,1001,9,330,597,36.45454545454545
80,nearest,1002,28,1008,101,25.96875
80,nearest,1003,25,803,271,30.703703703703702
80,nearest,1004,24,794,231,27.076923076923077
80,nearest,1005,27,942,148,24.06896551724138
80,nearest,1006,23,776,268,26.76
80,nearest,1007,28,924,151,31.75862068965517
80,nearest,1008,26,933,161,35.25
80,nearest,1009,27,861,198,37.17857142857143
80,nearest,1010,15,532,453,32.411764705882355
80,nearest,1011,2,98,770,12.0
80,nearest,1012,2,98,770,12.0
80,nearest,1013,25,853,214,34.34615384615385
80,nearest,1014,27,944,151,32.06896551724138
80,nearest,1015,27,904,178,27.137931034482758
80,nearest,1016,2,98,770,12.0
80,nearest,1017,24,802,260,31.22222222222222
80,nearest,1018,26,896,183,27.0
80,nearest,1019,23,811,241,42.6
80,nearest,1020,17,736,308,25.555555555555557
80,nearest,1021,27,976,123,32.03448275862069
80,nearest,1022,28,965,135,31.4
80,nearest,1023,27,946,150,31.689655172413794
80,nearest,1024,23,787,273,31.04
80,nearest,1025,27,920,160,34.0
80,nearest,1026,29,939,161,25.258064516129032
80,nearest,1027,25,897,169,36.48148148148148
80,nearest,1028,23,836,201,46.16
80,nearest,1029,27,920,161,32.43333333333333
80,nearest,1030,28,975,136,30.0
80,nearest,1031,26,854,205,41.214285714285715
80,nearest,1032,27,917,159,33.241379310344826
80,nearest,1033,25,858,203,35.84615384615385
80,nearest,1034,2,106,759,12.0
80,nearest,1035,25,863,201,37.34615384615385
80,nearest,1036,25,898,187,43.0
80,nearest,1037,21,723,280,32.91304347826087
80,nearest,1038,21,724,281,33.04545454545455
80,nearest,1039,26,952,152,30.75
80,nearest,1040,24,854,217,38.69230769230769
80,nearest,1041,20,700,318,31.181818181818183
80,nearest,1042,2,106,759,12.0
80,nearest,1043,2,98,770,12.0
80,nearest,1044,23,776,284,33.541666666666664
80,nearest,1045,26,904,186,30.75
80,nearest,1046,26,902,158,37.44827586206897
80,nearest,1047,16,632,377,33.8235294117647
80,nearest,1048,27,901,171,34.357142857142854
80,nearest,1049,25,873,204,33.592592592592595
80,nearest,1050,2,106,759,12.0
80,nearest,1051,24,892,171,46.61538461538461
80,nearest,1052,2,106,759,12.0
80,nearest,1053,2,98,770,12.0
80,nearest,1054,28,965,119,26.28125
80,nearest,1055,26,926,148,31.85185185185185
80,nearest,1056,27,915,165,36.42857142857143
80,nearest,1057,26,887,180,35.642857142857146
80,nearest,1058,23,781,265,41.24
80,nearest,1059,2,98,770,12.0
80,nearest,1060,22,825,232,46.08
80,nearest,1061,16,602,396,36.44444444444444
80,nearest,1062,26,872,195,31.821428571428573
80,nearest,1063,2,98,770,12.0
80,nearest,1064,26,861,201,40.96296296296296
80,nearest,1065,26,925,171,34.766666666666666
80,nearest,1066,27,937,154,29.5
80,nearest,1067,2,98,770,12.0
80,nearest,1068,27,951,133,29.137931034482758
80,nearest,1069,21,784,253,47.04347826086956
80,nearest,1070,28,934,154,34.333333333333336
80,nearest,1071,27,923,153,34.607142857142854
80,nearest,1072,14,586,415,34.8125
80,nearest,1073,31,1011,107,21.333333333333332
80,nearest,1074,25,841,228,34.19230769230769
80,nearest,1075,25,799,266,28.703703703703702
80,nearest,1076,10,392,549,32.333333333333336
80,nearest,1077,26,872,203,30.925925925925927
80,nearest,1078,25,892,175,35.535714285714285
80,nearest,1079,21,788,277,33.91304347826087
80,nearest,1080,25,894,168,30.923076923076923
80,nearest,1081,2,98,770,12.0
80,nearest,1082,26,921,160,30.20689655172414
80,nearest,1083,27,960,125,30.0
80,nearest,1084,25,877,181,33.18518518518518
80,nearest,1085,8,312,613,43.9
80,nearest,1086,28,927,153,28.517241379310345
80,nearest,1087,25,899,172,36.666666666666664
80,nearest,1088,26,911,163,31.448275862068964
80,nearest,1089,17,694,340,29.666666666666668
80,nearest,1090,29,988,123,24.71875
80,nearest,1091,27,949,135,31.344827586206897
80,nearest,1092,26,927,161,32.827586206896555
80,nearest,1093,28,961,141,25.266666666666666
80,nearest,1094,30,962,124,22.64516129032258
80,nearest,1095,21,790,260,39.541666666666664
80,nearest,1096,27,975,111,28.896551724137932
80,nearest,1097,25,917,139,29.076923076923077
80,nearest,1098,0,264,649,12.0
80,nearest,1099,2,302,627,19.0
80,qmix,1000,28,1017,95,26.806451612903224
80,qmix,1001,23,858,192,50.32
80,qmix,1002,25,969,128,40.111111111111114
80,qmix,1003,25,898,182,30.73076923076923
80,qmix,1004,25,984,119,39.48148148148148
80,qmix,1005,16,693,283,54.35294117647059
80,qmix,1006,19,726,321,40.45
80,qmix,1007,16,658,368,33.294117647058826
80,qmix,1008,22,812,247,31.333333333333332
80,qmix,1009,20,760,292,47.27272727272727
80,qmix,1010,26,990,123,33.75
80,qmix,1011,6,268,647,39.125
80,qmix,1012,26,956,139,36.5
80,qmix,1013,25,925,168,38.38461538461539
80,qmix,1014,26,1000,124,29.428571428571427
80,qmix,1015,25,912,181,41.25925925925926
80,qmix,1016,6,296,625,45.375
80,qmix,1017,26,960,138,35.785714285714285
80,qmix,1018,27,995,120,33.535714285714285
80,qmix,1019,29,1007,100,33.86206896551724
80,qmix,1020,27,966,135,28.433333333333334
80,qmix,1021,24,924,163,36.888888888888886
80,qmix,1022,26,906,183,38.48148148148148
80,qmix,1023,5,228,671,31.285714285714285
80,qmix,1024,29,1004,115,29.866666666666667
80,qmix,1025,26,958,152,30.344827586206897
80,qmix,1026,25,905,165,42.48148148148148
80,qmix,1027,27,905,187,33.25
80,qmix,1028,25,947,150,39.51851851851852
80,qmix,1029,24,873,188,36.61538461538461
80,qmix,1030,20,848,210,52.34782608695652
80,qmix,1031,26,966,136,37.81481481481482
80,qmix,1032,7,398,560,48.5
80,qmix,1033,2,444,528,14.333333333333334
80,qmix,1034,26,998,108,32.93103448275862
80,qmix,1035,27,970,126,35.275862068965516
80,qmix,1036,19,778,276,48.5
80,qmix,1037,27,1046,86,31.233333333333334
80,qmix,1038,25,921,155,39.111111111111114
80,qmix,1039,26,989,123,35.93103448275862
80,qmix,1040,26,918,164,39.607142857142854
80,qmix,1041,24,927,160,35.57692307692308
80,qmix,1042,26,952,149,40.7037037037037
80,qmix,1043,19,704,325,35.23809523809524
80,qmix,1044,17,764,280,64.05263157894737
80,qmix,1045,26,965,133,36.724137931034484
80,qmix,1046,12,616,396,44.785714285714285
80,qmix,1047,23,895,170,35.36
80,qmix,1048,27,1018,105,30.655172413793103
80,qmix,1049,23,836,236,38.17391304347826
80,qmix,1050,27,928,165,32.5
80,qmix,1051,26,949,148,37.51724137931034
80,qmix,1052,25,915,172,36.18518518518518
80,qmix,1053,29,1006,105,32.36666666666667
80,qmix,1054,25,944,153,30.40740740740741
80,qmix,1055,27,961,144,33.96666666666667
80,qmix,1056,22,920,167,44.083333333333336
80,qmix,1057,26,934,164,29.642857142857142
80,qmix,1058,26,1012,106,34.464285714285715
80,qmix,1059,26,957,144,33.629629629629626
80,qmix,1060,20,839,217,47.22727272727273
80,qmix,1061,22,773,287,32.875
80,qmix,1062,26,976,134,37.51851851851852
80,qmix,1063,25,917,159,31.37037037037037
80,qmix,1064,25,996,108,35.2962962962963
80,qmix,1065,26,983,126,37.5
80,qmix,1066,24,899,189,43.73076923076923
80,qmix,1067,3,170,718,25.2
80,qmix,1068,28,1006,114,32.172413793103445
80,qmix,1069,25,871,193,39.2962962962963
80,qmix,1070,27,1027,104,32.44827586206897
80,qmix,1071,24,935,156,45.15384615384615
80,qmix,1072,15,764,297,34.1764705882353
80,qmix,1073,27,1006,108,33.51724137931034
80,qmix,1074,25,964,141,38.148148148148145
80,qmix,1075,9,490,487,48.27272727272727
80,qmix,1076,23,870,171,58.291666666666664
80,qmix,1077,22,865,176,36.25
80,qmix,1078,29,1027,102,26.387096774193548
80,qmix,1079,28,980,125,32.6551724137931
80,qmix,1080,2,114,759,14.5
80,qmix,1081,25,942,141,40.592592592592595
80,qmix,1082,16,784,274,42.333333333333336
80,qmix,1083,17,664,277,40.31578947368421
80,qmix,1084,25,961,140,35.0
80,qmix,1085,27,1005,112,32.206896551724135
80,qmix,1086,20,769,282,59.54545454545455
80,qmix,1087,24,933,157,40.2
80,qmix,1088,11,496,471,46.69230769230769
80,qmix,1089,25,1008,102,39.7037037037037
80,qmix,1090,26,1012,101,35.111111111111114
80,qmix,1091,22,885,205,44.416666666666664
80,qmix,1092,25,914,165,37.55555555555556
80,qmix,1093,22,893,180,50.416666666666664
80,qmix,1094,25,912,173,45.69230769230769
80,qmix,1095,23,913,156,49.19230769230769
80,qmix,1096,24,924,156,43.81481481481482
80,qmix,1097,26,918,153,36.964285714285715
80,qmix,1098,28,982,132,32.766666666666666
80,qmix,1099,23,958,136,40.84
120,random,1000,21,977,132,29.434782608695652
120,random,1001,21,898,183,32.54545454545455
120,random,1002,22,968,130,34.31818181818182
120,random,1003,21,991,124,32.04347826086956
120,random,1004,21,894,170,39.77272727272727
120,random,1005,15,618,325,47.375
120,random,1006,10,622,385,48.72727272727273
120,random,1007,21,833,235,32.43478260869565
120,random,1008,21,914,187,34.72727272727273
120,random,1009,21,1000,117,31.666666666666668
120,random,1010,22,964,143,35.54545454545455
120,random,1011,22,971,122,26.041666666666668
120,random,1012,12,608,403,36.214285714285715
120,random,1013,22,1049,78,29.863636363636363
120,random,1014,20,971,127,35.95238095238095
120,random,1015,23,990,105,30.375
120,random,1016,22,935,153,31.73913043478261
120,random,1017,22,1052,72,24.76
120,random,1018,11,688,342,41.583333333333336
120,random,1019,21,991,104,32.18181818181818
120,random,1020,20,816,244,42.04761904761905
120,random,1021,7,256,658,33.888888888888886
120,random,1022,21,1058,66,28.916666666666668
120,random,1023,20,960,136,33.91304347826087
120,random,1024,21,864,220,31.458333333333332
120,random,1025,21,909,166,43.23809523809524
120,random,1026,22,969,139,30.130434782608695
120,random,1027,21,942,145,28.045454545454547
120,random,1028,8,286,634,38.0
120,random,1029,2,130,746,16.0
120,random,1030,7,502,484,61.625
120,random,1031,22,1033,87,30.583333333333332
120,random,1032,16,738,307,33.05882352941177
120,random,1033,22,1009,102,26.375
120,random,1034,20,940,150,35.95238095238095
120,random,1035,21,949,147,38.77272727272727
120,random,1036,21,843,229,43.476190476190474
120,random,1037,22,949,154,29.75
120,random,1038,15,728,244,42.9375
120,random,1039,22,982,112,31.782608695652176
120,random,1040,22,981,125,27.727272727272727
120,random,1041,21,878,187,37.42857142857143
120,random,1042,6,222,677,35.0
120,random,1043,19,903,185,34.57142857142857
120,random,1044,4,228,674,30.666666666666668
120,random,1045,21,932,144,29.17391304347826
120,random,1046,22,1050,87,28.17391304347826
120,random,1047,21,972,137,30.26086956521739
120,random,1048,22,974,146,37.77272727272727
120,random,1049,6,274,627,37.875
120,random,1050,21,929,153,34.81818181818182
120,random,1051,19,968,138,31.75
120,random,1052,15,629,304,50.11764705882353
120,random,1053,20,936,157,30.695652173913043
120,random,1054,20,852,230,31.545454545454547
120,random,1055,19,822,260,41.18181818181818
120,random,1056,2,106,764,12.75
120,random,1057,21,1008,114,27.181818181818183
120,random,1058,20,955,154,32.0
120,random,1059,19,855,229,46.80952380952381
120,random,1060,7,496,485,57.44444444444444
120,random,1061,23,1009,106,27.083333333333332
120,random,1062,22,951,150,30.91304347826087
120,random,1063,20,828,236,35.77272727272727
120,random,1064,22,1028,92,28.083333333333332
120,random,1065,20,860,229,38.608695652173914
120,random,1066,2,106,762,13.75
120,random,1067,22,957,156,29.958333333333332
120,random,1068,6,510,477,31.714285714285715
120,random,1069,2,124,751,17.25
120,random,1070,20,963,135,26.40909090909091
120,random,1071,9,410,479,106.63636363636364
120,random,1072,21,990,120,35.59090909090909
120,random,1073,20,927,167,28.272727272727273
120,random,1074,20,993,116,33.82608695652174
120,random,1075,21,990,119,31.772727272727273
120,random,1076,22,971,128,29.347826086956523
120,random,1077,2,112,759,15.0
120,random,1078,20,960,135,35.73913043478261
120,random,1079,22,895,199,34.0
120,random,1080,18,790,264,34.45
120,random,1081,20,813,258,40.19047619047619
120,random,1082,9,730,316,51.3
120,random,1083,21,862,217,38.30434782608695
120,random,1084,21,994,117,32.21739130434783
120,random,1085,21,973,124,29.08695652173913
120,random,1086,22,1057,75,32.90909090909091
120,random,1087,22,974,144,31.727272727272727
120,random,1088,19,740,306,47.15
120,random,1089,21,971,135,33.5
120,random,1090,18,769,282,50.35
120,random,1091,21,981,124,28.043478260869566
120,random,1092,22,1055,83,22.041666666666668
120,random,1093,19,841,216,39.38095238095238
120,random,1094,23,1021,94,27.041666666666668
120,random,1095,22,1001,117,30.347826086956523
120,random,1096,18,796,275,48.5
120,random,1097,22,1037,86,28.583333333333332
120,random,1098,21,1019,107,28.17391304347826
120,random,1099,21,1005,109,27.652173913043477
120,roundrobin,1000,21,1079,55,26.565217391304348
120,roundrobin,1001,21,1065,74,26.363636363636363
120,roundrobin,1002,21,1000,108,30.954545454545453
120,roundrobin,1003,2,116,756,15.5
120,roundrobin,1004,21,934,164,25.869565217391305
120,roundrobin,1005,20,808,240,41.04761904761905
120,roundrobin,1006,20,996,114,33.666666666666664
120,roundrobin,1007,21,956,144,34.18181818181818
120,roundrobin,1008,22,915,185,29.681818181818183
120,roundrobin,1009,22,999,113,27.958333333333332
120,roundrobin,1010,21,954,147,30.91304347826087
120,roundrobin,1011,21,979,127,34.13636363636363
120,roundrobin,1012,16,706,336,27.333333333333332
120,roundrobin,1013,22,961,145,29.304347826086957
120,roundrobin,1014,22,1047,93,27.17391304347826
120,roundrobin,1015,22,1046,76,26.956521739130434
120,roundrobin,1016,23,976,134,24.666666666666668
120,roundrobin,1017,8,426,374,47.1
120,roundrobin,1018,19,831,216,52.8
120,roundrobin,1019,6,218,681,28.625
120,roundrobin,1020,16,814,253,42.23529411764706
120,roundrobin,1021,7,250,656,35.888888888888886
120,roundrobin,1022,21,1009,106,32.04347826086956
120,roundrobin,1023,12,558,426,41.642857142857146
120,roundrobin,1024,21,977,124,31.708333333333332
120,roundrobin,1025,22,972,128,31.375
120,roundrobin,1026,21,932,151,33.45454545454545
120,roundrobin,1027,22,962,132,32.30434782608695
120,roundrobin,1028,22,894,178,32.208333333333336
120,roundrobin,1029,12,568,431,29.642857142857142
120,roundrobin,1030,23,990,117,28.25
120,roundrobin,1031,14,784,273,30.6
120,roundrobin,1032,2,108,761,15.0
120,roundrobin,1033,21,961,133,28.26086956521739
120,roundrobin,1034,21,889,190,38.76190476190476
120,roundrobin,1035,2,108,761,12.75
120,roundrobin,1036,23,1041,87,26.208333333333332
120,roundrobin,1037,21,937,164,30.954545454545453
120,roundrobin,1038,21,1015,91,34.36363636363637
120,roundrobin,1039,23,1007,94,33.08695652173913
120,roundrobin,1040,21,930,148,35.08695652173913
120,roundrobin,1041,22,955,152,29.73913043478261
120,roundrobin,1042,18,889,184,34.81818181818182
120,roundrobin,1043,16,776,229,35.73684210526316
120,roundrobin,1044,20,791,273,43.04761904761905
120,roundrobin,1045,23,997,115,30.583333333333332
120,roundrobin,1046,22,972,135,28.272727272727273
120,roundrobin,1047,12,586,407,30.642857142857142
120,roundrobin,1048,21,944,147,35.34782608695652
120,roundrobin,1049,22,986,122,30.916666666666668
120,roundrobin,1050,20,928,159,33.91304347826087
120,roundrobin,1051,22,953,146,30.458333333333332
120,roundrobin,1052,23,974,130,31.0
120,roundrobin,1053,22,1072,71,27.333333333333332
120,roundrobin,1054,21,917,178,30.130434782608695
120,roundrobin,1055,20,854,224,32.63636363636363
120,roundrobin,1056,6,264,645,36.625
120,roundrobin,1057,21,952,149,29.045454545454547
120,roundrobin,1058,14,760,290,34.0625
120,roundrobin,1059,23,1026,94,27.875
120,roundrobin,1060,23,1122,38,23.208333333333332
120,roundrobin,1061,22,1035,91,27.041666666666668
120,roundrobin,1062,21,954,144,41.68181818181818
120,roundrobin,1063,2,124,751,15.75
120,roundrobin,1064,21,862,196,36.34782608695652
120,roundrobin,1065,20,856,217,40.45454545454545
120,roundrobin,1066,22,992,130,26.875
120,roundrobin,1067,21,1034,91,27.695652173913043
120,roundrobin,1068,8,318,604,44.9
120,roundrobin,1069,22,940,150,33.65217391304348
120,roundrobin,1070,20,968,127,31.652173913043477
120,roundrobin,1071,20,872,204,41.09090909090909
120,roundrobin,1072,21,934,152,34.59090909090909
120,roundrobin,1073,9,578,432,39.0
120,roundrobin,1074,21,879,199,38.09090909090909
120,roundrobin,1075,2,114,758,14.5
120,roundrobin,1076,21,1057,72,29.347826086956523
120,roundrobin,1077,21,999,109,28.291666666666668
120,roundrobin,1078,21,1047,86,27.772727272727273
120,roundrobin,1079,20,867,201,37.95454545454545
120,roundrobin,1080,13,600,396,36.93333333333333
120,roundrobin,1081,22,962,140,34.43478260869565
120,roundrobin,1082,6,232,669,32.125
120,roundrobin,1083,22,947,146,30.818181818181817
120,roundrobin,1084,20,946,152,34.65217391304348
120,roundrobin,1085,11,516,437,45.53846153846154
120,roundrobin,1086,21,863,211,30.90909090909091
120,roundrobin,1087,22,1042,85,28.82608695652174
120,roundrobin,1088,22,1004,115,27.041666666666668
120,roundrobin,1089,20,828,240,45.142857142857146
120,roundrobin,1090,20,884,187,28.476190476190474
120,roundrobin,1091,13,562,418,44.93333333333333
120,roundrobin,1092,8,288,630,43.1
120,roundrobin,1093,20,898,175,29.217391304347824
120,roundrobin,1094,21,1013,109,28.608695652173914
120,roundrobin,1095,2,114,754,13.0
120,roundrobin,1096,20,874,197,32.76190476190476
120,roundrobin,1097,22,837,227,30.681818181818183
120,roundrobin,1098,21,934,163,30.708333333333332
120,roundrobin,1099,22,992,115,30.91304347826087
120,nearest,1000,22,907,138,30.833333333333332
120,nearest,1001,22,840,157,21.52
120,nearest,1002,24,845,112,22.083333333333332
120,nearest,1003,22,729,235,26.333333333333332
120,nearest,1004,13,564,388,30.266666666666666
120,nearest,1005,21,748,196,34.26086956521739
120,nearest,1006,18,722,238,29.75
120,nearest,1007,11,514,420,34.0
120,nearest,1008,24,911,96,21.36
120,nearest,1009,22,797,240,41.130434782608695
120,nearest,1010,20,776,233,28.782608695652176
120,nearest,1011,2,98,770,12.0
120,nearest,1012,2,98,770,12.0
120,nearest,1013,24,884,95,19.72
120,nearest,1014,23,910,142,25.4
120,nearest,1015,10,351,348,33.18181818181818
120,nearest,1016,2,98,770,12.0
120,nearest,1017,22,812,167,29.217391304347824
120,nearest,1018,21,772,196,25.458333333333332
120,nearest,1019,22,932,96,23.666666666666668
120,nearest,1020,21,834,127,23.652173913043477
120,nearest,1021,22,870,171,29.391304347826086
120,nearest,1022,21,870,137,27.125
120,nearest,1023,22,859,119,26.416666666666668
120,nearest,1024,24,891,81,21.48
120,nearest,1025,15,640,314,27.25
120,nearest,1026,22,823,148,27.208333333333332
120,nearest,1027,19,795,252,35.904761904761905
120,nearest,1028,22,849,154,32.09090909090909
120,nearest,1029,23,824,155,27.125
120,nearest,1030,22,836,192,32.47826086956522
120,nearest,1031,22,854,145,28.130434782608695
120,nearest,1032,20,817,215,31.363636363636363
120,nearest,1033,22,866,167,29.82608695652174
120,nearest,1034,2,106,759,12.0
120,nearest,1035,22,843,172,26.291666666666668
120,nearest,1036,21,864,198,41.04545454545455
120,nearest,1037,23,823,141,23.541666666666668
120,nearest,1038,22,874,89,25.17391304347826
120,nearest,1039,22,828,189,26.041666666666668
120,nearest,1040,21,827,219,27.375
120,nearest,1041,22,916,119,25.16
120,nearest,1042,2,106,759,12.0
120,nearest,1043,2,98,770,12.0
120,nearest,1044,23,862,110,23.68
120,nearest,1045,22,856,142,24.782608695652176
120,nearest,1046,23,854,109,25.25
120,nearest,1047,24,868,95,21.708333333333332
120,nearest,1048,21,858,153,32.583333333333336
120,nearest,1049,15,662,310,32.0625
120,nearest,1050,2,106,759,12.0
120,nearest,1051,21,848,183,41.40909090909091
120,nearest,1052,2,106,759,12.0
120,nearest,1053,2,98,770,12.0
120,nearest,1054,23,831,158,27.217391304347824
120,nearest,1055,18,778,223,28.6
120,nearest,1056,22,777,189,27.375
120,nearest,1057,24,845,131,23.583333333333332
120,nearest,1058,21,853,204,30.608695652173914
120,nearest,1059,2,98,770,12.0
120,nearest,1060,21,874,172,29.695652173913043
120,nearest,1061,24,860,160,26.875
120,nearest,1062,23,817,153,26.25
120,nearest,1063,2,98,770,12.0
120,nearest,1064,22,802,231,32.130434782608695
120,nearest,1065,22,878,138,26.36
120,nearest,1066,23,910,76,21.076923076923077
120,nearest,1067,2,98,770,12.0
120,nearest,1068,21,798,153,33.17391304347826
120,nearest,1069,22,815,232,31.695652173913043
120,nearest,1070,23,849,154,25.4
120,nearest,1071,23,884,88,23.166666666666668
120,nearest,1072,15,670,314,31.058823529411764
120,nearest,1073,23,861,84,21.625
120,nearest,1074,22,836,139,33.56521739130435
120,nearest,1075,20,788,170,25.391304347826086
120,nearest,1076,22,852,155,28.82608695652174
120,nearest,1077,23,879,131,24.08
120,nearest,1078,20,802,198,42.40909090909091
120,nearest,1079,23,927,93,21.56
120,nearest,1080,22,888,123,26.217391304347824
120,nearest,1081,2,98,770,12.0
120,nearest,1082,22,852,145,27.12
120,nearest,1083,20,830,199,34.142857142857146
120,nearest,1084,24,880,117,22.8
120,nearest,1085,8,312,613,43.9
120,nearest,1086,22,883,99,23.04
120,nearest,1087,23,884,153,28.24
120,nearest,1088,23,861,124,27.583333333333332
120,nearest,1089,21,790,156,26.695652173913043
120,nearest,1090,24,855,143,24.08
120,nearest,1091,24,845,117,22.12
120,nearest,1092,11,462,463,38.69230769230769
120,nearest,1093,24,839,145,24.25
120,nearest,1094,22,792,126,20.791666666666668
120,nearest,1095,22,940,152,28.791666666666668
120,nearest,1096,22,856,139,26.304347826086957
120,nearest,1097,23,822,64,21.916666666666668
120,nearest,1098,0,264,649,12.0
120,nearest,1099,2,302,627,19.0
120,qmix,1000,22,995,118,28.125
120,qmix,1001,20,902,169,38.63636363636363
120,qmix,1002,19,843,227,37.36363636363637
120,qmix,1003,9,598,410,41.1
120,qmix,1004,21,960,135,34.45454545454545
120,qmix,1005,22,995,123,33.45454545454545
120,qmix,1006,21,892,191,37.391304347826086
120,qmix,1007,22,1052,77,28.25
120,qmix,1008,21,1039,84,30.772727272727273
120,qmix,1009,22,1020,101,27.96
120,qmix,1010,21,1015,105,32.86363636363637
120,qmix,1011,6,268,647,39.125
120,qmix,1012,20,822,206,31.285714285714285
120,qmix,1013,20,822,251,43.95238095238095
120,qmix,1014,23,1027,101,27.304347826086957
120,qmix,1015,19,988,135,32.35
120,qmix,1016,6,296,625,45.375
120,qmix,1017,20,891,197,39.09090909090909
120,qmix,1018,20,1060,72,34.80952380952381
120,qmix,1019,23,946,145,28.958333333333332
120,qmix,1020,22,917,174,28.391304347826086
120,qmix,1021,20,813,253,45.65
120,qmix,1022,15,691,278,51.3125
120,qmix,1023,5,228,671,31.285714285714285
120,qmix,1024,21,979,123,34.68181818181818
120,qmix,1025,21,1011,110,32.375
120,qmix,1026,21,930,149,35.130434782608695
120,qmix,1027,21,856,201,31.043478260869566
120,qmix,1028,20,961,145,31.681818181818183
120,qmix,1029,21,968,129,33.86363636363637
120,qmix,1030,20,944,146,41.18181818181818
120,qmix,1031,21,944,147,40.80952380952381
120,qmix,1032,7,398,560,48.5
120,qmix,1033,2,444,528,14.333333333333334
120,qmix,1034,16,788,271,40.11764705882353
120,qmix,1035,22,1003,99,27.782608695652176
120,qmix,1036,16,710,270,47.666666666666664
120,qmix,1037,20,886,193,43.38095238095238
120,qmix,1038,19,877,193,48.476190476190474
120,qmix,1039,19,806,250,40.421052631578945
120,qmix,1040,18,759,282,48.0
120,qmix,1041,18,885,196,48.75
120,qmix,1042,16,772,280,44.411764705882355
120,qmix,1043,21,999,94,29.91304347826087
120,qmix,1044,21,948,148,35.47826086956522
120,qmix,1045,20,930,168,38.95454545454545
120,qmix,1046,19,1023,104,39.0
120,qmix,1047,21,1043,85,34.22727272727273
120,qmix,1048,19,904,186,37.80952380952381
120,qmix,1049,20,879,209,44.333333333333336
120,qmix,1050,20,1024,94,28.217391304347824
120,qmix,1051,20,914,168,43.76190476190476
120,qmix,1052,21,996,112,33.63636363636363
120,qmix,1053,17,780,272,42.31578947368421
120,qmix,1054,21,997,121,31.227272727272727
120,qmix,1055,20,923,156,36.27272727272727
120,qmix,1056,19,1013,119,32.36363636363637
120,qmix,1057,20,959,137,27.681818181818183
120,qmix,1058,22,1016,99,33.0
120,qmix,1059,14,696,331,37.75
120,qmix,1060,21,933,155,37.857142857142854
120,qmix,1061,21,876,209,34.86363636363637
120,qmix,1062,20,937,149,45.57142857142857
120,qmix,1063,20,918,163,36.65217391304348
120,qmix,1064,19,812,207,54.55
120,qmix,1065,21,908,165,29.136363636363637
120,qmix,1066,21,998,120,37.095238095238095
120,qmix,1067,3,170,718,25.2
120,qmix,1068,20,936,160,36.45454545454545
120,qmix,1069,18,764,286,29.842105263157894
120,qmix,1070,12,682,344,40.5
120,qmix,1071,8,610,399,59.8
120,qmix,1072,14,794,274,35.2
120,qmix,1073,22,1001,112,33.56521739130435
120,qmix,1074,20,926,173,34.04545454545455
120,qmix,1075,11,666,365,43.53846153846154
120,qmix,1076,18,847,196,49.05263157894737
120,qmix,1077,19,907,171,35.22727272727273
120,qmix,1078,22,1092,38,25.75
120,qmix,1079,21,1021,91,32.76190476190476
120,qmix,1080,2,114,759,14.5
120,qmix,1081,18,856,180,44.15
120,qmix,1082,20,820,246,35.5
120,qmix,1083,21,1036,87,32.52173913043478
120,qmix,1084,20,938,153,39.31818181818182
120,qmix,1085,21,1051,80,31.82608695652174
120,qmix,1086,19,770,283,45.476190476190474
120,qmix,1087,20,910,160,45.23809523809524
120,qmix,1088,20,935,139,37.13636363636363
120,qmix,1089,21,973,136,46.666666666666664
120,qmix,1090,19,995,120,35.04545454545455
120,qmix,1091,21,960,141,34.13636363636363
120,qmix,1092,20,892,167,47.3
120,qmix,1093,17,842,215,44.35
120,qmix,1094,21,893,173,38.285714285714285
120,qmix,1095,20,878,181,37.18181818181818
120,qmix,1096,20,980,112,31.181818181818183
120,qmix,1097,21,945,138,32.833333333333336
120,qmix,1098,20,793,260,44.333333333333336
120,qmix,1099,21,1002,115,32.80952380952381
